date,P_1,P_2,P_3,P_4,P_5,P_6,Con,,,,
2015-02-07 10:29:28,454,431.1333333,417.3333333,492.2666667,468,558.31,1,,,,
2015-02-07 10:29:31,506.3333333,440.8,412.3333333,446.3333333,508,508.71,1,,,,
2015-02-07 10:29:34,519.3333333,484.1066667,449.3333333,492.7,530.3333333,561.72,1,,,,
2015-02-07 10:29:37,496.6666667,465.16,434.3333333,522.6,537,594.89,1,,,,
2015-02-07 10:29:40,503,448.1466667,421.6666667,490.5333333,539.6666667,523.28,1,,,,
2015-02-07 10:29:43,548,479.8533333,472.6666667,505.2666667,527,527,1,,,,
2015-02-07 10:29:46,564.3333333,468.64,470.3333333,569.8333333,398.6666667,513.05,1,,,,
2015-02-07 10:29:49,582,455.4933333,444.3333333,515.2333333,478.3333333,559.55,1,,,,
2015-02-07 10:29:52,592.6666667,469.8,478.6666667,537.3333333,560.3333333,478.95,1,,,,
2015-02-07 10:29:55,542.3333333,438.48,506,544.2666667,512.3333333,488.25,1,,,,
2015-02-07 10:29:58,502,453.9466667,465,477.1,518.3333333,534.13,1,,,,
2015-02-07 10:30:01,250.6666667,470.5733333,462,492.7,546.6666667,491.97,1,,,,
2015-02-07 10:30:04,507,456.2666667,481,563.7666667,492,524.83,1,,,,
2015-02-07 10:30:07,567,448.1466667,486,526.0666667,518,521.42,1,,,,
2015-02-07 10:30:10,625,450.8533333,470.3333333,552.5,549.3333333,510.88,1,,,,
2015-02-07 10:30:13,621.6666667,466.32,504.6666667,568.1,492,470.27,1,,,,
2015-02-07 10:30:16,612,455.88,482.3333333,546.4333333,460.6666667,513.67,1,,,,
2015-02-07 10:30:19,604.3333333,463.2266667,400.6666667,541.6666667,505.6666667,484.84,1,,,,
2015-02-07 10:30:22,608.6666667,476.3733333,392.3333333,621.4,544.3333333,370.14,1,,,,
2015-02-07 10:30:25,554.3333333,484.1066667,509.6666667,549.4666667,555.6666667,592.1,1,,,,
2015-02-07 10:30:28,520.3333333,490.68,688.6666667,546.4333333,418,543.12,1,,,,
2015-02-07 10:30:31,629.3333333,476.3733333,486.3333333,558.1333333,437.6666667,474.3,1,,,,
2015-02-07 10:30:34,567.6666667,446.6,455,546.4333333,532.3333333,461.9,1,,,,
2015-02-07 10:30:37,565.6666667,447.76,477.6666667,544.7,524,517.08,1,,,,
2015-02-07 10:30:40,569.6666667,484.88,499.3333333,519.5666667,519.3333333,603.57,1,,,,
2015-02-07 10:30:43,550,479.08,504.6666667,445.0333333,472,463.14,1,,,,
2015-02-07 10:30:46,559.6666667,481.0133333,500,487.9333333,463.6666667,538.47,1,,,,
2015-02-07 10:30:49,565.6666667,480.24,492.3333333,557.2666667,523.3333333,539.09,1,,,,
2015-02-07 10:30:52,590.3333333,482.56,474,497.4666667,528,528.86,1,,,,
2015-02-07 10:30:55,576.3333333,502.28,493.6666667,474.0666667,521.6666667,566.99,1,,,,
2015-02-07 10:30:58,575,482.56,518.3333333,511.7666667,520.3333333,529.79,1,,,,
2015-02-07 10:31:01,631.3333333,469.0266667,482,501.8,528.6666667,431.21,1,,,,
2015-02-07 10:31:04,594.3333333,473.28,457.3333333,500.9333333,517.3333333,570.09,1,,,,
2015-02-07 10:31:07,580.3333333,493.7733333,417.6666667,553.8,522.6666667,463.45,1,,,,
2015-02-07 10:31:10,551,492.2266667,378.6666667,507.4333333,534.3333333,503.44,1,,,,
2015-02-07 10:31:13,488.6666667,483.72,464.3333333,495.3,521.6666667,499.41,1,,,,
2015-02-07 10:31:16,601.3333333,481.0133333,492.3333333,505.7,517.6666667,506.23,1,,,,
2015-02-07 10:31:19,553.6666667,495.32,479.3333333,542.1,530,499.72,1,,,,
2015-02-07 10:31:22,587,480.24,502,539.0666667,531.6666667,489.8,1,,,,
2015-02-07 10:31:25,611.3333333,462.84,478.3333333,508.7333333,514.6666667,541.57,1,,,,
2015-02-07 10:31:28,554.6666667,454.72,466.3333333,536.0333333,521.6666667,510.26,1,,,,
2015-02-07 10:31:31,523.6666667,441.5733333,476,516.9666667,510.3333333,529.17,1,,,,
2015-02-07 10:31:34,563,442.3466667,465.6666667,514.8,512,550.25,1,,,,
2015-02-07 10:31:37,545,452.7866667,424.6666667,538.2,516,494.14,1,,,,
2015-02-07 10:31:40,557.3333333,455.88,477,536.4666667,527.3333333,474.92,1,,,,
2015-02-07 10:31:43,546,451.24,508,546.4333333,496.6666667,549.63,1,,,,
2015-02-07 10:31:46,553.6666667,444.28,499,506.1333333,317.3333333,509.33,1,,,,
2015-02-07 10:31:49,559.6666667,452.0133333,489.3333333,477.5333333,389.6666667,503.75,1,,,,
2015-02-07 10:31:52,576,419.1466667,504.6666667,539.5,409,469.65,1,,,,
2015-02-07 10:31:55,583.6666667,448.1466667,511,500.5,499,539.09,1,,,,
2015-02-07 10:31:58,596.3333333,453.1733333,517,440.2666667,496.3333333,549.63,1,,,,
2015-02-07 10:32:01,565,455.88,496,462.8,505.3333333,510.88,1,,,,
2015-02-07 10:32:04,606,457.8133333,487,487.9333333,518.6666667,511.81,1,,,,
2015-02-07 10:32:07,547.6666667,456.2666667,503.6666667,503.5333333,459,584.35,1,,,,
2015-02-07 10:32:10,489.3333333,454.3333333,480.6666667,503.5333333,406,527.62,1,,,,
2015-02-07 10:32:13,563,467.0933333,472.6666667,526.5,518,570.09,1,,,,
2015-02-07 10:32:16,560.6666667,488.7466667,462.6666667,524.7666667,541.3333333,536.92,1,,,,
2015-02-07 10:32:19,539.6666667,498.4133333,493.3333333,545.1333333,449,469.65,1,,,,
2015-02-07 10:32:22,548,507.6933333,493,542.1,492.6666667,535.06,1,,,,
2015-02-07 10:32:25,538,499.96,474.3333333,558.1333333,490,492.59,1,,,,
2015-02-07 10:32:28,545.3333333,497.64,472.3333333,514.3666667,369,407.65,1,,,,
2015-02-07 10:32:31,581.3333333,497.64,466.3333333,507.4333333,425.6666667,583.73,1,,,,
2015-02-07 10:32:34,519.3333333,438.8666667,448.3333333,502.6666667,474.3333333,479.88,1,,,,
2015-02-07 10:32:37,554,510.0133333,452.3333333,453.2666667,470.6666667,358.67,1,,,,
2015-02-07 10:32:40,540.3333333,491.4533333,471.3333333,499.2,381.6666667,501.89,1,,,,
2015-02-07 10:32:43,609,486.4266667,466.6666667,468,498.3333333,467.79,1,,,,
2015-02-07 10:32:46,516.3333333,493.7733333,484.6666667,481.8666667,540.3333333,559.55,1,,,,
2015-02-07 10:32:49,512,491.84,496.6666667,546,517.3333333,566.06,1,,,,
2015-02-07 10:32:52,442.3333333,490.68,452.6666667,519.1333333,531,521.11,1,,,,
2015-02-07 10:32:55,523.3333333,495.32,464,557.2666667,527.3333333,515.53,1,,,,
2015-02-07 10:32:58,516,493.7733333,452,561.6,509.6666667,511.19,1,,,,
2015-02-07 10:33:01,527,489.1333333,412,497.9,519.6666667,476.47,1,,,,
2015-02-07 10:33:04,526.3333333,496.8666667,488.6666667,469.7333333,506,496.93,1,,,,
2015-02-07 10:33:07,514.3333333,485.6533333,489.6666667,494.8666667,340,482.05,1,,,,
2015-02-07 10:33:10,580.6666667,468.64,474.6666667,499.2,271,451.05,1,,,,
2015-02-07 10:33:13,556.3333333,465.5466667,466.6666667,450.2333333,244.3333333,459.73,1,,,,
2015-02-07 10:33:16,570,470.5733333,502.3333333,446.7666667,306.3333333,520.8,1,,,,
2015-02-07 10:33:19,543.6666667,478.3066667,495.3333333,461.9333333,418.3333333,553.35,1,,,,
2015-02-07 10:33:22,534,475.2133333,489.6666667,484.4666667,510.6666667,525.45,1,,,,
2015-02-07 10:33:25,572.3333333,464.7733333,503.3333333,542.5333333,235,490.73,1,,,,
2015-02-07 10:33:28,557.6666667,465.9333333,492.6666667,478.4,267,558.93,1,,,,
2015-02-07 10:33:31,485.3333333,462.84,490.3333333,483.1666667,243,508.71,1,,,,
2015-02-07 10:33:34,512,453.1733333,477.3333333,574.1666667,227,552.73,1,,,,
2015-02-07 10:33:37,539.3333333,458.5866667,476.3333333,515.6666667,492.6666667,535.68,1,,,,
2015-02-07 10:33:40,517.3333333,448.1466667,506,530.8333333,536,549.32,1,,,,
2015-02-07 10:33:43,522,449.3066667,511,484.0333333,352,550.87,1,,,,
2015-02-07 10:33:46,521.3333333,467.0933333,497,528.2333333,520,512.12,1,,,,
2015-02-07 10:33:49,494.3333333,462.4533333,473.3333333,470.6,538,561.1,1,,,,
2015-02-07 10:33:52,522.3333333,463.2266667,492,483.1666667,531.3333333,472.75,1,,,,
2015-02-07 10:33:55,550.6666667,465.5466667,486.3333333,485.3333333,536,479.57,1,,,,
2015-02-07 10:33:58,546,409.48,1052.666667,442.8666667,522,589.62,1,,,,
2015-02-07 10:34:01,567.6666667,431.52,487,435.9333333,530,447.64,1,,,,
2015-02-07 10:34:04,521.6666667,470.5733333,482.3333333,481.4333333,505.6666667,539.4,1,,,,
2015-02-07 10:34:07,527,462.84,476,533.4333333,499,530.1,1,,,,
2015-02-07 10:34:10,539.6666667,447.76,490,485.3333333,532,518.94,1,,,,
2015-02-07 10:34:13,512.3333333,443.12,486,507,527.6666667,582.8,1,,,,
2015-02-07 10:34:16,533.6666667,458.5866667,477.3333333,559.4333333,505.6666667,489.8,1,,,,
2015-02-07 10:34:19,504.6666667,469.8,492,501.8,484.6666667,483.91,1,,,,
2015-02-07 10:34:22,506,464.3866667,511,507.8666667,513.3333333,553.04,1,,,,
2015-02-07 10:34:25,482.6666667,470.5733333,499,522.6,522,428.42,1,,,,
2015-02-07 10:34:28,512.6666667,458.5866667,443.6666667,517.8333333,496.3333333,388.12,1,,,,
2015-02-07 10:34:31,552.6666667,459.36,474,516.5333333,393.3333333,513.98,1,,,,
2015-02-07 10:34:34,497.3333333,489.9066667,464.3333333,445.9,501.6666667,369.83,1,,,,
2015-02-07 10:34:37,536,507.6933333,471,459.3333333,521,615.04,1,,,,
2015-02-07 10:34:40,524,495.7066667,514.3333333,471.0333333,525.6666667,529.17,1,,,,
2015-02-07 10:34:43,435.3333333,501.8933333,503,493.1333333,511.6666667,490.42,1,,,,
2015-02-07 10:34:46,582.6666667,481.7866667,464.3333333,482.3,536,478.33,1,,,,
2015-02-07 10:34:49,531.3333333,503.0533333,494.6666667,480.5666667,528.3333333,538.47,1,,,,
2015-02-07 10:34:52,565,525.0933333,519.3333333,472.7666667,534,492.9,1,,,,
2015-02-07 10:34:55,586.3333333,506.5333333,484.3333333,488.8,525.3333333,504.37,1,,,,
2015-02-07 10:34:58,546.3333333,474.44,449.6666667,480.1333333,445,504.99,1,,,,
2015-02-07 10:35:01,557.3333333,474.8266667,480.3333333,474.9333333,492.6666667,500.34,1,,,,
2015-02-07 10:35:04,525.3333333,495.7066667,454.3333333,484.4666667,512.6666667,500.34,1,,,,
2015-02-07 10:35:07,508.6666667,487.5866667,448.3333333,501.8,343,473.37,1,,,,
2015-02-07 10:35:10,574.3333333,470.5733333,470,463.6666667,413,455.08,1,,,,
2015-02-07 10:35:13,581.6666667,416.44,493.3333333,440.2666667,410.3333333,544.98,1,,,,
2015-02-07 10:35:16,607.3333333,493.7733333,513.3333333,468,497.6666667,525.76,1,,,,
2015-02-07 10:35:19,584,489.9066667,461.6666667,514.3666667,488,515.53,1,,,,
2015-02-07 10:35:22,520,485.6533333,480,492.2666667,455,518.63,1,,,,
2015-02-07 10:35:25,543.6666667,469.8,492.6666667,509.6,506,492.28,1,,,,
2015-02-07 10:35:28,533,467.48,483,574.1666667,516.6666667,472.75,1,,,,
2015-02-07 10:35:31,558.3333333,486.4266667,394.6666667,482.7333333,539.3333333,535.99,1,,,,
2015-02-07 10:35:34,551.3333333,507.3066667,401,536.9,507,490.11,1,,,,
2015-02-07 10:35:37,545.3333333,479.4666667,396.3333333,533.8666667,454.3333333,521.73,1,,,,
2015-02-07 10:35:40,529.6666667,496.48,493.6666667,514.3666667,527.3333333,523.59,1,,,,
2015-02-07 10:35:43,543.6666667,513.1066667,462.6666667,500.5,523,491.66,1,,,,
2015-02-07 10:35:46,583,496.8666667,461.3333333,503.5333333,536.6666667,492.9,1,,,,
2015-02-07 10:35:49,484.3333333,478.6933333,253,451.1,492,489.49,1,,,,
2015-02-07 10:35:52,522.3333333,482.1733333,372.3333333,428.5666667,481.6666667,507.78,1,,,,
2015-02-07 10:35:55,536.3333333,502.6666667,458.6666667,458.9,527,464.38,1,,,,
2015-02-07 10:35:58,474.6666667,504.9866667,628,481.4333333,516.3333333,392.46,1,,,,
2015-02-07 10:36:01,444.3333333,492.2266667,463.6666667,449.3666667,504.6666667,465.93,1,,,,
2015-02-07 10:36:04,554,494.16,494.6666667,415.5666667,510.6666667,519.87,1,,,,
2015-02-07 10:36:07,501.3333333,504.9866667,462.3333333,419.0333333,524.3333333,448.26,1,,,,
2015-02-07 10:36:10,510.6666667,498.8,428.3333333,452.4,519,401.14,1,,,,
2015-02-07 10:36:13,518.3333333,497.64,442.6666667,434.2,498.6666667,557.07,1,,,,
2015-02-07 10:36:16,495.6666667,494.5466667,451.3333333,480.5666667,465,593.03,1,,,,
2015-02-07 10:36:19,500.6666667,484.1066667,437.6666667,467.5666667,393,535.68,1,,,,
2015-02-07 10:36:22,545.3333333,482.9466667,481.6666667,493.5666667,487,548.7,1,,,,
2015-02-07 10:36:25,515.6666667,508.08,499.6666667,520.8666667,521.3333333,508.09,1,,,,
2015-02-07 10:36:28,519.6666667,474.44,470,499.6333333,454.3333333,475.85,1,,,,
2015-02-07 10:36:31,514.3333333,456.2666667,457.3333333,523.4666667,431,534.75,1,,,,
2015-02-07 10:36:34,470.3333333,518.52,463.6666667,535.6,513,547.77,1,,,,
2015-02-07 10:36:37,538,501.12,460.6666667,503.1,519.3333333,509.02,1,,,,
2015-02-07 10:36:40,527.6666667,485.2666667,476.6666667,482.7333333,503.6666667,549.01,1,,,,
2015-02-07 10:36:43,446,483.72,488,480.5666667,499,543.43,1,,,,
2015-02-07 10:36:46,470,527.4133333,500.3333333,487.0666667,468,377.89,1,,,,
2015-02-07 10:36:49,528.6666667,511.56,483,494,498.6666667,377.89,1,,,,
2015-02-07 10:36:52,519.3333333,498.4133333,452.3333333,474.9333333,510,392.46,1,,,,
2015-02-07 10:36:55,541.3333333,482.56,447.3333333,471.9,461.6666667,507.47,1,,,,
2015-02-07 10:36:58,522.3333333,479.08,495.3333333,446.3333333,506,518.94,1,,,,
2015-02-07 10:37:01,556,494.5466667,489,494,500.3333333,470.58,1,,,,
2015-02-07 10:37:04,523,489.1333333,468,529.1,499,509.33,1,,,,
2015-02-07 10:37:07,537.6666667,491.4533333,485.6666667,522.1666667,485.3333333,513.98,1,,,,
2015-02-07 10:37:10,514.6666667,497.2533333,480.6666667,559,501.6666667,572.88,1,,,,
2015-02-07 10:37:13,494.3333333,478.6933333,465,554.2333333,343,540.33,1,,,,
2015-02-07 10:37:16,505.3333333,474.0533333,465.6666667,538.6333333,389,560.79,1,,,,
2015-02-07 10:37:19,503.6666667,471.3466667,480.3333333,564.6333333,433,555.52,1,,,,
2015-02-07 10:37:22,515.3333333,472.5066667,469.3333333,579.3666667,497,480.19,1,,,,
2015-02-07 10:37:25,551.6666667,473.6666667,462.3333333,510.4666667,503.3333333,522.97,1,,,,
2015-02-07 10:37:28,539.3333333,468.64,478,534.7333333,494,401.14,1,,,,
2015-02-07 10:37:31,522.6666667,475.9866667,488,523.4666667,481.3333333,603.88,1,,,,
2015-02-07 10:37:34,537.3333333,484.1066667,475.6666667,565.5,516,483.91,1,,,,
2015-02-07 10:37:37,565,487.9733333,442,520.4333333,501.3333333,478.95,1,,,,
2015-02-07 10:37:40,536.3333333,494.9333333,241,442.4333333,436,473.06,1,,,,
2015-02-07 10:37:43,587.3333333,495.7066667,343.6666667,415.1333333,470.3333333,519.56,1,,,,
2015-02-07 10:37:46,564,481.7866667,417.6666667,445.9,512,481.43,1,,,,
2015-02-07 10:37:49,528.3333333,466.7066667,478.3333333,487.5,448.6666667,500.96,1,,,,
2015-02-07 10:37:52,558.3333333,483.3333333,463,453.2666667,480.3333333,518.01,1,,,,
2015-02-07 10:37:55,551.3333333,479.08,445.6666667,446.3333333,490.3333333,467.17,1,,,,
2015-02-07 10:37:58,507.6666667,486.04,441.6666667,470.6,500,435.86,1,,,,
2015-02-07 10:38:01,445,487.5866667,523.6666667,482.3,476.3333333,580.63,1,,,,
2015-02-07 10:38:04,502,482.9466667,501.6666667,494.4333333,410,532.89,1,,,,
2015-02-07 10:38:07,546.3333333,486.4266667,465.6666667,470.1666667,383,482.36,1,,,,
2015-02-07 10:38:10,529.6666667,453.1733333,475,483.6,490.6666667,539.09,1,,,,
2015-02-07 10:38:13,498.6666667,431.9066667,485.6666667,494.8666667,532.3333333,488.25,1,,,,
2015-02-07 10:38:16,533,496.0933333,498,487.9333333,482.6666667,504.37,1,,,,
2015-02-07 10:38:19,539,475.9866667,493,503.1,432.3333333,472.44,1,,,,
2015-02-07 10:38:22,518.6666667,474.0533333,493.6666667,491.8333333,519,422.53,1,,,,
2015-02-07 10:38:25,540.6666667,478.6933333,512.3333333,507,526,532.89,1,,,,
2015-02-07 10:38:28,516.6666667,494.16,496.6666667,519.1333333,517,365.8,1,,,,
2015-02-07 10:38:31,501.6666667,517.36,492.3333333,505.2666667,524,523.9,1,,,,
2015-02-07 10:38:34,518,503.8266667,501,539.5,515.3333333,523.28,1,,,,
2015-02-07 10:38:37,441,475.2133333,512.6666667,534.7333333,526.3333333,510.26,1,,,,
2015-02-07 10:38:40,506.6666667,492.2266667,470,512.2,511.6666667,493.52,1,,,,
2015-02-07 10:38:43,503,493.7733333,307,497.0333333,513.3333333,362.7,1,,,,
2015-02-07 10:38:46,506.6666667,492.6133333,478.3333333,493.5666667,510,511.81,1,,,,
2015-02-07 10:38:49,522.3333333,474.0533333,519.6666667,482.7333333,454.3333333,504.99,1,,,,
2015-02-07 10:38:52,527.3333333,478.6933333,446.6666667,497.9,424.3333333,504.99,1,,,,
2015-02-07 10:38:55,467.3333333,498.8,857,485.7666667,433.6666667,504.99,1,,,,
2015-02-07 10:38:58,519.7308815,506.5333333,513.6666667,485.3333333,503.3333333,504.99,1,,,,
2015-02-07 10:39:01,536.0963222,493.3866667,487.3333333,454.5666667,497,504.99,1,,,,
2015-02-07 10:39:04,536.0963222,502.6666667,475.3333333,448.5,439,504.99,1,,,,
2015-02-07 10:39:07,536.0963222,515.8133333,497.6666667,478.8333333,496.3333333,504.99,1,,,,
2015-02-07 10:39:10,536.0963222,518.1333333,513,468.8666667,509.6666667,504.99,1,,,,
2015-02-07 10:39:13,536.0963222,508.08,513.3333333,467.5666667,444,504.99,1,,,,
2015-02-07 10:39:16,536.0963222,503.8266667,496,478.8333333,330.6666667,504.99,1,,,,
2015-02-07 10:39:19,536.0963222,486.8133333,467,448.9333333,471,504.99,1,,,,
2015-02-07 10:39:22,536.0963222,502.28,487.6666667,468.4333333,502,504.99,1,,,,
2015-02-07 10:39:25,536.0963222,501.12,496.6666667,510.9,496,504.99,1,,,,
2015-02-07 10:39:28,536.0963222,496.8666667,483.6666667,528.2333333,484,504.99,1,,,,
2015-02-08 03:39:28,437,368.3333333,687.5,714.7746667,591.3666667,381,2,,,,
2015-02-08 03:39:31,441.3333333,528.77,391.2333333,493.6566667,519.0466667,502.3333333,2,,,,
2015-02-08 03:39:34,460.6666667,534.0133333,577.1333333,524.71,556.3366667,490.6666667,2,,,,
2015-02-08 03:39:37,437.6666667,557.4066667,398.5666667,518.3166667,615.85,452.6666667,2,,,,
2015-02-08 03:39:40,505,529.5766667,728.2,547.0866667,613.59,528,2,,,,
2015-02-08 03:39:43,503.6666667,611.05,422.4,493.6566667,533.7366667,561,2,,,,
2015-02-08 03:39:46,566.6666667,609.4366667,496.1,511.9233333,619.6166667,513.6666667,2,,,,
2015-02-08 03:39:49,549.6666667,685.6666667,434.8666667,500.5066667,581.95,494.6666667,2,,,,
2015-02-08 03:39:52,503.3333333,665.0966667,463.8333333,495.0266667,520.1766667,512,2,,,,
2015-02-08 03:39:55,504,609.0333333,565.7666667,491.83,458.4033333,489.3333333,2,,,,
2015-02-08 03:39:58,479,609.84,772.9333333,502.3333333,485.9,513.6666667,2,,,,
2015-02-08 03:40:01,492,579.59,988.9,496.3966667,482.51,478.6666667,2,,,,
2015-02-08 03:40:04,476.6666667,595.32,737.7333333,485.4366667,465.9366667,444.6666667,2,,,,
2015-02-08 03:40:07,526.6666667,576.7666667,641.3,496.8533333,574.7933333,445,2,,,,
2015-02-08 03:40:10,507.6666667,637.2666667,398.9333333,502.79,537.5033333,496.6666667,2,,,,
2015-02-08 03:40:13,498.3333333,614.2766667,486.2,506.9,634.3066667,474.6666667,2,,,,
2015-02-08 03:40:16,496,602.9833333,368.1333333,520.1433333,499.8366667,515.6666667,2,,,,
2015-02-08 03:40:19,528.3333333,600.16,761.5666667,505.53,621.5,522.3333333,2,,,,
2015-02-08 03:40:22,536.6666667,639.2833333,416.5333333,502.79,597.3933333,536.6666667,2,,,,
2015-02-08 03:40:25,587.3333333,649.3666667,955.5333333,554.85,487.4066667,524,2,,,,
2015-02-08 03:40:28,526.3333333,710.6733333,582.6333333,500.05,592.8733333,557.6666667,2,,,,
2015-02-08 03:40:31,508.6666667,636.8633333,720.8666667,498.68,575.9233333,490.6666667,2,,,,
2015-02-08 03:40:34,516.3333333,615.4866667,632.8666667,531.1033333,488.5366667,475.6666667,2,,,,
2015-02-08 03:40:37,542.6666667,624.7633333,425.3333333,521.97,551.8166667,509.6666667,2,,,,
2015-02-08 03:40:40,521.6666667,656.6266667,386.4666667,548.9133333,444.09,470.6666667,2,,,,
2015-02-08 03:40:43,504,631.2166667,671.3666667,518.7733333,479.12,460,2,,,,
2015-02-08 03:40:46,540.3333333,609.84,582.2666667,578.14,536.3733333,490,2,,,,
2015-02-08 03:40:49,523.3333333,653.8033333,695.5666667,532.93,477.6133333,467.3333333,2,,,,
2015-02-08 03:40:52,479.3333333,633.2333333,889.1666667,503.2466667,527.71,398.6666667,2,,,,
2015-02-08 03:40:55,476,579.9933333,651.5666667,535.67,440.3233333,611,2,,,,
2015-02-08 03:40:58,508,575.96,559.9,492.7433333,518.67,508.3333333,2,,,,
2015-02-08 03:41:01,517.3333333,614.68,584.4666667,503.2466667,634.3066667,486.6666667,2,,,,
2015-02-08 03:41:04,498.3333333,625.9733333,229.1666667,506.4433333,531.1,531,2,,,,
2015-02-08 03:41:07,463.6666667,602.9833333,207.1666667,529.2766667,494.94,495.6666667,2,,,,
2015-02-08 03:41:10,513.3333333,561.0366667,279.7666667,510.0966667,656.1533333,523.6666667,2,,,,
2015-02-08 03:41:13,482.6666667,621.1333333,253,503.2466667,627.15,513.3333333,2,,,,
2015-02-08 03:41:16,511.3333333,584.0266667,310.9333333,517.4033333,474.2233333,487.3333333,2,,,,
2015-02-08 03:41:19,519.6666667,618.7133333,558.4333333,497.31,422.9966667,480,2,,,,
2015-02-08 03:41:22,515,628.7966667,553.6666667,505.0733333,583.08,523,2,,,,
2015-02-08 03:41:25,514.6666667,623.15,925.8333333,495.4833333,559.7266667,493.3333333,2,,,,
2015-02-08 03:41:28,481.6666667,622.7466667,639.1,502.79,504.7333333,471.3333333,2,,,,
2015-02-08 03:41:31,499.3333333,582.8166667,629.2,494.57,547.2966667,472.3333333,2,,,,
2015-02-08 03:41:34,537,604.1933333,621.1333333,500.05,560.8566667,447.6666667,2,,,,
2015-02-08 03:41:37,476,649.77,711.7,526.5366667,430.53,541,2,,,,
2015-02-08 03:41:40,459.3333333,575.96,408.4666667,512.8366667,484.3933333,498.3333333,2,,,,
2015-02-08 03:41:43,439.6666667,555.7933333,563.5666667,532.93,606.81,457,2,,,,
2015-02-08 03:41:46,548,531.9966667,448.8,532.4733333,515.6566667,414.6666667,2,,,,
2015-02-08 03:41:49,524.3333333,663.08,488.7666667,554.85,529.2166667,430.6666667,2,,,,
2015-02-08 03:41:52,507.3333333,634.4433333,440.7333333,545.26,590.2366667,463,2,,,,
2015-02-08 03:41:55,508.3333333,613.8733333,385,528.82,526.2033333,477.6666667,2,,,,
2015-02-08 03:41:58,539.3333333,615.0833333,399.6666667,565.3533333,433.92,514.6666667,2,,,,
2015-02-08 03:42:01,517,652.5933333,454.3,536.5833333,582.3266667,489,2,,,,
2015-02-08 03:42:04,508.3333333,625.57,458.7,522.4266667,512.2666667,552.3333333,2,,,,
2015-02-08 03:42:07,534,615.0833333,435.9666667,507.8133333,595.51,513.3333333,2,,,,
2015-02-08 03:42:10,478.3333333,646.14,442.2,485.8933333,500.9666667,481.6666667,2,,,,
2015-02-08 03:42:13,503.6666667,578.7833333,623.7,503.2466667,635.4366667,550,2,,,,
2015-02-08 03:42:16,518,609.4366667,587.4,504.16,572.1566667,460,2,,,,
2015-02-08 03:42:19,524.6666667,626.78,406.2666667,505.0733333,600.4066667,490.6666667,2,,,,
2015-02-08 03:42:22,501,634.8466667,544.8666667,481.7833333,627.9033333,528.3333333,2,,,,
2015-02-08 03:42:25,508,606.21,427.1666667,479.0433333,571.0266667,492.6666667,2,,,,
2015-02-08 03:42:28,523.3333333,614.68,427.5333333,477.6733333,635.8133333,537,2,,,,
2015-02-08 03:42:31,518.6666667,633.2333333,565.4,492.2866667,540.8933333,506.3333333,2,,,,
2015-02-08 03:42:34,528,627.5866667,390.5,492.7433333,595.51,561.3333333,2,,,,
2015-02-08 03:42:37,487.6666667,638.88,794.9333333,490.9166667,521.3066667,544,2,,,,
2015-02-08 03:42:40,461,590.0766667,313.8666667,502.3333333,447.48,495.3333333,2,,,,
2015-02-08 03:42:43,441,557.81,303.2333333,482.6966667,519.0466667,520.3333333,2,,,,
2015-02-08 03:42:46,565,533.61,359.3333333,491.3733333,565.7533333,509,2,,,,
2015-02-08 03:42:49,530,683.65,257.4,471.7366667,543.1533333,487.3333333,2,,,,
2015-02-08 03:42:52,529.6666667,641.3,504.9,491.83,497.9533333,435.3333333,2,,,,
2015-02-08 03:42:55,550.6666667,640.8966667,230.6333333,513.2933333,626.02,408,2,,,,
2015-02-08 03:42:58,528.6666667,666.3066667,243.4666667,527.9066667,515.6566667,483.3333333,2,,,,
2015-02-08 03:43:01,517,639.6866667,207.5333333,510.5533333,561.2333333,478.3333333,2,,,,
2015-02-08 03:43:04,490.3333333,625.57,257.7666667,505.0733333,595.51,496.3333333,2,,,,
2015-02-08 03:43:07,510,593.3033333,282.7,511.01,601.5366667,427.3333333,2,,,,
2015-02-08 03:43:10,546.3333333,617.1,345.0333333,497.7666667,526.58,350.3333333,2,,,,
2015-02-08 03:43:13,552.3333333,661.0633333,870.4666667,504.6166667,622.2533333,565,2,,,,
2015-02-08 03:43:16,510,668.3233333,387.9333333,485.8933333,536.3733333,395.3333333,2,,,,
2015-02-08 03:43:19,535,617.1,370.3333333,505.9866667,552.1933333,443.3333333,2,,,,
2015-02-08 03:43:22,514,647.35,421.6666667,459.8633333,436.5566667,460.3333333,2,,,,
2015-02-08 03:43:25,490,621.94,763.7666667,459.4066667,516.7866667,542,2,,,,
2015-02-08 03:43:28,502,592.9,462.7333333,493.6566667,597.77,558.3333333,2,,,,
2015-02-08 03:43:31,509.3333333,607.42,743.6,490.46,519.4233333,478,2,,,,
2015-02-08 03:43:34,513.6666667,616.2933333,576.7666667,504.6166667,465.56,468,2,,,,
2015-02-08 03:43:37,494.6666667,621.5366667,422.4,510.5533333,574.7933333,481,2,,,,
2015-02-08 03:43:40,514,598.5466667,404.4333333,494.57,509.2533333,444,2,,,,
2015-02-08 03:43:43,566,621.94,485.8333333,536.1266667,427.5166667,408.6666667,2,,,,
2015-02-08 03:43:46,526,684.86,277.2,518.3166667,590.99,551.6666667,2,,,,
2015-02-08 03:43:49,552,636.46,314.9666667,520.1433333,334.1033333,498.6666667,2,,,,
2015-02-08 03:43:52,566,667.92,301.0333333,518.7733333,412.0733333,462.6666667,2,,,,
2015-02-08 03:43:55,535,684.86,378.4,505.9866667,498.7066667,492,2,,,,
2015-02-08 03:43:58,498.6666667,647.35,309.4666667,497.31,564.6233333,476.3333333,2,,,,
2015-02-08 03:44:01,525.3333333,603.3866667,286.7333333,498.68,506.24,497.6666667,2,,,,
2015-02-08 03:44:04,523,635.6533333,258.5,483.1533333,361.9766667,479.6666667,2,,,,
2015-02-08 03:44:07,526.6666667,632.83,383.9,473.5633333,273.8366667,477,2,,,,
2015-02-08 03:44:10,489.3333333,637.2666667,377.3,468.54,387.2133333,456,2,,,,
2015-02-08 03:44:13,514,592.0933333,383.9,479.0433333,315.27,494.3333333,2,,,,
2015-02-08 03:44:16,528,621.94,387.9333333,559.8733333,287.7733333,499.6666667,2,,,,
2015-02-08 03:44:19,467,638.88,386.8333333,500.05,482.1333333,431,2,,,,
2015-02-08 03:44:22,425.6666667,565.07,523.6,498.2233333,610.5766667,501,2,,,,
2015-02-08 03:44:25,526,515.0566667,407,481.7833333,439.1933333,491,2,,,,
2015-02-08 03:44:28,536.6666667,636.46,689.7,493.2,473.8466667,447.3333333,2,,,,
2015-02-08 03:44:31,511,649.3666667,390.1333333,492.7433333,603.7966667,449.3333333,2,,,,
2015-02-08 03:44:34,525,618.31,376.5666667,484.5233333,596.64,496.6666667,2,,,,
2015-02-08 03:44:37,545.6666667,635.25,387.5666667,503.2466667,600.4066667,501.6666667,2,,,,
2015-02-08 03:44:40,537,660.2566667,533.1333333,504.6166667,537.88,555.6666667,2,,,,
2015-02-08 03:44:43,452.6666667,649.77,239.4333333,497.31,563.1166667,548.3333333,2,,,,
2015-02-08 03:44:46,476,547.7266667,378.0333333,484.0666667,337.1166667,489.3333333,2,,,,
2015-02-08 03:44:49,558.6666667,575.96,924.3666667,480.4133333,335.9866667,519.6666667,2,,,,
2015-02-08 03:44:52,522.6666667,675.9866667,536.8,470.8233333,464.43,488,2,,,,
2015-02-08 03:44:55,535.6666667,632.4266667,542.6666667,467.6266667,571.78,520.6666667,2,,,,
2015-02-08 03:44:58,507.3333333,648.1566667,715.7333333,490.9166667,325.44,483,2,,,,
2015-02-08 03:45:01,528,613.8733333,414.7,485.8933333,424.88,477.6666667,2,,,,
2015-02-08 03:45:04,544.3333333,638.88,625.5333333,485.4366667,612.0833333,425.3333333,2,,,,
2015-02-08 03:45:07,514,658.6433333,997.3333333,483.1533333,552.9466667,464,2,,,,
2015-02-08 03:45:10,453.3333333,621.94,563.5666667,477.2166667,492.68,518,2,,,,
2015-02-08 03:45:13,433,548.5333333,530.5666667,473.5633333,291.54,411.3333333,2,,,,
2015-02-08 03:45:16,471.6666667,523.93,390.8666667,483.61,231.2733333,416.6666667,2,,,,
2015-02-08 03:45:19,540.3333333,570.7166667,402.6,491.3733333,225.6233333,540,2,,,,
2015-02-08 03:45:22,520,653.8033333,673.5666667,483.61,271.2,552.3333333,2,,,,
2015-02-08 03:45:25,503.6666667,629.2,402.2333333,471.7366667,376.6666667,496.6666667,2,,,,
2015-02-08 03:45:28,522,609.4366667,534.9666667,473.1066667,288.15,485.3333333,2,,,,
2015-02-08 03:45:31,499,631.62,555.1333333,499.1366667,260.6533333,515,2,,,,
2015-02-08 03:45:34,506.6666667,603.79,424.6,524.71,504.7333333,508.6666667,2,,,,
2015-02-08 03:45:37,508.3333333,613.0666667,398.2,496.3966667,566.13,482.6666667,2,,,,
2015-02-08 03:45:40,477,615.0833333,385.3666667,496.3966667,600.7833333,508.3333333,2,,,,
2015-02-08 03:45:43,493,577.17,499.7666667,494.1133333,377.42,492,2,,,,
2015-02-08 03:45:46,502.6666667,596.53,387.9333333,509.64,379.3033333,501.6666667,2,,,,
2015-02-08 03:45:49,471.6666667,608.2266667,401.5,499.5933333,354.82,539.3333333,2,,,,
2015-02-08 03:45:52,487,570.7166667,382.8,495.4833333,419.6066667,515.3333333,2,,,,
2015-02-08 03:45:55,492.6666667,589.27,365.9333333,510.5533333,346.5333333,487.6666667,2,,,,
2015-02-08 03:45:58,534.3333333,596.1266667,393.0666667,491.83,477.99,459.6666667,2,,,,
2015-02-08 03:46:01,523,646.5433333,410.6666667,497.7666667,489.29,467.3333333,2,,,,
2015-02-08 03:46:04,502,632.83,414.3333333,471.28,430.9066667,512.3333333,2,,,,
2015-02-08 03:46:07,516.3333333,607.42,429.3666667,461.69,256.1333333,515.3333333,2,,,,
2015-02-08 03:46:10,526.6666667,624.7633333,591.8,464.43,474.9766667,537,2,,,,
2015-02-08 03:46:13,483.3333333,637.2666667,460.9,461.2333333,582.3266667,513.3333333,2,,,,
2015-02-08 03:46:16,520.6666667,584.8333333,449.5333333,445.7066667,648.2433333,484,2,,,,
2015-02-08 03:46:19,489,630.0066667,449.9,439.77,340.8833333,541.6666667,2,,,,
2015-02-08 03:46:22,490.3333333,591.69,470.8,458.0366667,443.7133333,514.3333333,2,,,,
2015-02-08 03:46:25,497.6666667,593.3033333,468.9666667,461.2333333,590.99,471.3333333,2,,,,
2015-02-08 03:46:28,499.3333333,602.1766667,443.3,457.1233333,384.2,535.6666667,2,,,,
2015-02-08 03:46:31,487,604.1933333,724.1666667,453.9266667,400.7733333,513,2,,,,
2015-02-08 03:46:34,542,589.27,448.0666667,455.7533333,538.6333333,503,2,,,,
2015-02-08 03:46:37,529.6666667,655.82,424.9666667,461.69,592.4966667,509,2,,,,
2015-02-08 03:46:40,530.6666667,640.8966667,414.7,478.5866667,424.88,489.6666667,2,,,,
2015-02-08 03:46:43,519.6666667,642.1066667,412.1333333,474.4766667,599.6533333,503,2,,,,
2015-02-08 03:46:46,500.3333333,628.7966667,431.5666667,469.91,300.9566667,437.3333333,2,,,,
2015-02-08 03:46:49,450,605.4033333,403.7,459.4066667,419.6066667,369,2,,,,
2015-02-08 03:46:52,525.6666667,544.5,375.1,490.46,447.8566667,452.3333333,2,,,,
2015-02-08 03:46:55,527,636.0566667,552.5666667,491.3733333,248.9766667,434.6666667,2,,,,
2015-02-08 03:46:58,541.6666667,637.67,442.5666667,504.16,249.73,338.3333333,2,,,,
2015-02-08 03:47:01,514,655.4166667,425.3333333,484.98,296.8133333,478.3333333,2,,,,
2015-02-08 03:47:04,524.6666667,621.94,411.7666667,484.0666667,487.7833333,545,2,,,,
2015-02-08 03:47:07,498.6666667,634.8466667,429,487.2633333,427.14,538.3333333,2,,,,
2015-02-08 03:47:10,507.6666667,603.3866667,567.6,477.6733333,348.7933333,527,2,,,,
2015-02-08 03:47:13,516,614.2766667,414.7,468.0833333,261.4066667,557,2,,,,
2015-02-08 03:47:16,544.6666667,624.36,417.2666667,486.35,269.6933333,476.6666667,2,,,,
2015-02-08 03:47:19,474.6666667,659.0466667,423.1333333,490.46,419.23,459,2,,,,
2015-02-08 03:47:22,427.6666667,574.3466667,418.3666667,505.53,559.35,540.6666667,2,,,,
2015-02-08 03:47:25,395.6666667,517.4766667,391.9666667,487.2633333,457.65,510.6666667,2,,,,
2015-02-08 03:47:28,388,478.7566667,403.7,511.01,480.6266667,484.6666667,2,,,,
2015-02-08 03:47:31,401.6666667,469.48,440.3666667,515.12,391.7333333,480,2,,,,
2015-02-08 03:47:34,559.6666667,486.0166667,448.8,510.5533333,302.84,562.3333333,2,,,,
2015-02-08 03:47:37,484.6666667,677.1966667,428.6333333,510.5533333,310.3733333,435,2,,,,
2015-02-08 03:47:40,417.6666667,586.4466667,586.3,527.9066667,357.8333333,527,2,,,,
2015-02-08 03:47:43,459.3333333,505.3766667,615.2666667,502.3333333,335.61,500.6666667,2,,,,
2015-02-08 03:47:46,500,555.7933333,451.3666667,503.2466667,290.7866667,471.3333333,2,,,,
2015-02-08 03:47:49,505.3333333,605,573.1,508.27,339,523.6666667,2,,,,
2015-02-08 03:47:52,495.3333333,611.4533333,566.8666667,572.2033333,277.6033333,520,2,,,,
2015-02-08 03:47:55,464.3333333,599.3533333,423.5,527.9066667,345.78,446.6666667,2,,,,
2015-02-08 03:47:58,434.3333333,561.8433333,553.6666667,508.27,372.1466667,464.3333333,2,,,,
2015-02-08 03:48:01,461.3333333,525.5433333,712.4333333,524.2533333,538.6333333,509,2,,,,
2015-02-08 03:48:04,485.6666667,558.2133333,578.6,514.2066667,519.0466667,472.3333333,2,,,,
2015-02-08 03:48:07,458.3333333,587.6566667,837.4666667,508.7266667,477.6133333,526.3333333,2,,,,
2015-02-08 03:48:10,451,554.5833333,749.8333333,483.61,570.2733333,520.6666667,2,,,,
2015-02-08 03:48:13,483,545.71,581.1666667,499.5933333,520.1766667,465.3333333,2,,,,
2015-02-08 03:48:16,484.6666667,584.43,900.9,490.0033333,528.84,507,2,,,,
2015-02-08 03:48:19,489.6666667,586.4466667,618.9333333,492.7433333,504.3566667,494.3333333,2,,,,
2015-02-08 03:48:22,479,592.4966667,448.4333333,482.6966667,462.5466667,481,2,,,,
2015-02-08 03:48:25,512,579.59,611.9666667,502.79,444.09,525,2,,,,
2015-02-08 03:48:28,502.3333333,619.52,595.8333333,519.23,528.4633333,461.3333333,2,,,,
2015-02-08 03:48:31,501,607.8233333,462,477.6733333,502.4733333,449,2,,,,
2015-02-08 03:48:34,483.3333333,606.21,641.6666667,458.95,561.9866667,501,2,,,,
2015-02-08 03:48:37,439.6666667,584.8333333,484.7333333,529.7333333,579.69,501,2,,,,
2015-02-08 03:48:40,472.6666667,531.9966667,478.8666667,530.19,496.07,476,2,,,,
2015-02-08 03:48:43,504,571.9266667,478.8666667,532.4733333,597.77,489,2,,,,
2015-02-08 03:48:46,430.6666667,609.84,492.0666667,519.23,533.36,468,2,,,,
2015-02-08 03:48:49,550.3333333,521.1066667,848.1,538.41,563.87,518.3333333,2,,,,
2015-02-08 03:48:52,514.6666667,665.9033333,479.9666667,526.9933333,472.34,506,2,,,,
2015-02-08 03:48:55,430.3333333,622.7466667,606.4666667,511.4666667,429.0233333,440.6666667,2,,,,
2015-02-08 03:48:58,483.3333333,520.7033333,488.0333333,515.12,569.52,471,2,,,,
2015-02-08 03:49:01,452,584.8333333,650.4666667,501.42,563.4933333,534,2,,,,
2015-02-08 03:49:04,554.6666667,546.92,464.5666667,516.49,601.16,568,2,,,,
2015-02-08 03:49:07,501.6666667,671.1466667,495.3666667,548.4566667,585.7166667,559.3333333,2,,,,
2015-02-08 03:49:10,478,607.0166667,517.3666667,498.2233333,601.9133333,588,2,,,,
2015-02-08 03:49:13,467.6666667,578.38,508.5666667,544.8033333,605.68,491.6666667,2,,,,
2015-02-08 03:49:16,451.6666667,565.8766667,499.4,528.3633333,572.1566667,528,2,,,,
2015-02-08 03:49:19,486,546.5166667,648.2666667,510.0966667,622.63,497.3333333,2,,,,
2015-02-08 03:49:22,495.6666667,588.06,481.4333333,587.2733333,497.9533333,544,2,,,,
2015-02-08 03:49:25,486,599.7566667,659.2666667,561.2433333,669.3366667,544,2,,,,
2015-02-08 03:49:28,333.6666667,588.06,474.1,507.3566667,495.6933333,419.6666667,2,,,,
2015-02-08 03:49:31,451.6666667,403.7366667,624.4333333,534.3,557.09,517,2,,,,
2015-02-08 12:39:28,453.6666667,419.1,375.3333333,462,427,471.38,3,,,,
2015-02-08 12:39:31,463,419.1,730.6666667,467.1333333,259.3333333,466.1533333,3,,,,
2015-02-08 12:39:34,522.6666667,430.9533333,630.6666667,530.1333333,316.6666667,535.08,3,,,,
2015-02-08 12:39:37,459,455.93,449.6666667,530.6,434.3333333,533.12,3,,,,
2015-02-08 12:39:40,534.3333333,469.9,752.6666667,539.9333333,528,513.1933333,3,,,,
2015-02-08 12:39:43,533,480.9066667,432.6666667,511.9333333,545.3333333,513.1933333,3,,,,
2015-02-08 12:39:46,522.3333333,474.1333333,433.3333333,501.6666667,546,546.5133333,3,,,,
2015-02-08 12:39:49,551,461.4333333,441,507.7333333,532.6666667,541.6133333,3,,,,
2015-02-08 12:39:52,537.6666667,470.7466667,724,516.1333333,544.3333333,408.66,3,,,,
2015-02-08 12:39:55,521,483.4466667,616.3333333,496.5333333,528.6666667,465.8266667,3,,,,
2015-02-08 12:39:58,539,502.92,472.3333333,482.0666667,464,564.1533333,3,,,,
2015-02-08 12:40:01,556.6666667,494.03,636.6666667,466.6666667,515.3333333,461.58,3,,,,
2015-02-08 12:40:04,538.3333333,480.9066667,788.3333333,481.1333333,517.6666667,541.94,3,,,,
2015-02-08 12:40:07,560.3333333,498.2633333,779.3333333,489.5333333,538.6666667,534.7533333,3,,,,
2015-02-08 12:40:10,577.3333333,543.56,622,496.5333333,530.3333333,495.5533333,3,,,,
2015-02-08 12:40:13,590.3333333,527.05,835.6666667,475.5333333,477.6666667,486.08,3,,,,
2015-02-08 12:40:16,546,511.81,886.3333333,462.9333333,536.6666667,500.4533333,3,,,,
2015-02-08 12:40:19,592,517.7366667,439.3333333,493.7333333,530.3333333,487.7133333,3,,,,
2015-02-08 12:40:22,576.3333333,537.6333333,562,489.0666667,524.6666667,396.5733333,3,,,,
2015-02-08 12:40:25,446.6666667,529.59,584.3333333,475.0666667,531.3333333,466.8066667,3,,,,
2015-02-08 12:40:28,433.6666667,532.5533333,461,489.5333333,399.3333333,520.38,3,,,,
2015-02-08 12:40:31,561.6666667,516.4666667,422,501.2,349.3333333,505.68,3,,,,
2015-02-08 12:40:34,530.6666667,518.5833333,490,491.4,337.6666667,515.1533333,3,,,,
2015-02-08 12:40:37,565.3333333,526.2033333,446,470.8666667,319.6666667,543.2466667,3,,,,
2015-02-08 12:40:40,558.3333333,528.32,456.6666667,479.2666667,257,519.4,3,,,,
2015-02-08 12:40:43,526.3333333,528.7433333,417.3333333,487.2,441,519.7266667,3,,,,
2015-02-08 12:40:46,561.3333333,522.3933333,415,472.2666667,513,492.94,3,,,,
2015-02-08 12:40:49,581.3333333,513.08,423.3333333,492.8,528.6666667,566.7666667,3,,,,
2015-02-08 12:40:52,570.6666667,518.5833333,388.6666667,488.6,519,517.7666667,3,,,,
2015-02-08 12:40:55,533.3333333,513.08,399,475.5333333,532.3333333,517.7666667,3,,,,
2015-02-08 12:40:58,534.3333333,528.32,436.3333333,442.8666667,523,482.4866667,3,,,,
2015-02-08 12:41:01,535,540.1733333,455.6666667,496.0666667,528.6666667,534.1,3,,,,
2015-02-08 12:41:04,575.6666667,532.9766667,437,504,471.3333333,540.3066667,3,,,,
2015-02-08 12:41:07,479.3333333,545.6766667,431,493.7333333,399.3333333,497.1866667,3,,,,
2015-02-08 12:41:10,489,543.56,442.3333333,510.0666667,507,466.48,3,,,,
2015-02-08 12:41:13,586,535.5166667,456.3333333,490.4666667,541.3333333,548.1466667,3,,,,
2015-02-08 12:41:16,572.6666667,547.37,433,499.8,470.3333333,522.9933333,3,,,,
2015-02-08 12:41:19,550.3333333,569.3833333,587.6666667,522.2,398.6666667,523.32,3,,,,
2015-02-08 12:41:22,550,554.1433333,693.3333333,515.2,525.6666667,479.5466667,3,,,,
2015-02-08 12:41:25,524.3333333,554.5666667,1398.333333,513.8,559.3333333,507.3133333,3,,,,
2015-02-08 12:41:28,564,556.6833333,504.3333333,491.8666667,534.3333333,560.56,3,,,,
2015-02-08 12:41:31,534.6666667,548.2166667,484.3333333,532.4666667,535.6666667,506.3333333,3,,,,
2015-02-08 12:41:34,553.3333333,558.8,389.3333333,517.0666667,521,479.22,3,,,,
2015-02-08 12:41:37,571.3333333,535.5166667,642,486.7333333,541,523.32,3,,,,
2015-02-08 12:41:40,516,521.97,888.3333333,488.6,532,517.7666667,3,,,,
2015-02-08 12:41:43,537.3333333,529.1666667,431.6666667,481.6,532.6666667,501.4333333,3,,,,
2015-02-08 12:41:46,460,521.97,548.3333333,490.4666667,517.3333333,519.4,3,,,,
2015-02-08 12:41:49,453,519.43,655.6666667,487.2,508.6666667,499.8,3,,,,
2015-02-08 12:41:52,501.6666667,535.94,512.6666667,477.8666667,373.3333333,499.8,3,,,,
2015-02-08 12:41:55,502.6666667,530.86,394,483.4666667,400.6666667,537.3666667,3,,,,
2015-02-08 12:41:58,535.6666667,478.79,366.6666667,472.2666667,417.6666667,518.0933333,3,,,,
2015-02-08 12:42:01,512.3333333,457.6233333,368.3333333,487.2,514.3333333,482.8133333,3,,,,
2015-02-08 12:42:04,500.3333333,534.67,413,495.6,545.3333333,534.7533333,3,,,,
2015-02-08 12:42:07,546.6666667,503.3433333,390.3333333,495.6,546.6666667,559.9066667,3,,,,
2015-02-08 12:42:10,526.6666667,484.2933333,466,489.5333333,546.3333333,520.7066667,3,,,,
2015-02-08 12:42:13,547,511.81,333.6666667,476.9333333,535.6666667,554.3533333,3,,,,
2015-02-08 12:42:16,528,512.6566667,661.3333333,481.6,517,549.78,3,,,,
2015-02-08 12:42:19,567.6666667,499.5333333,390,478.3333333,500.3333333,481.18,3,,,,
2015-02-08 12:42:22,538,494.8766667,394.6666667,446.1333333,530.6666667,578.8533333,3,,,,
2015-02-08 12:42:25,572,480.4833333,588,448,520.3333333,535.4066667,3,,,,
2015-02-08 12:42:28,555,494.4533333,438,471.3333333,535.6666667,502.74,3,,,,
2015-02-08 12:42:31,570.3333333,492.76,431.6666667,488.1333333,468.6666667,551.4133333,3,,,,
2015-02-08 12:42:34,544.6666667,493.6066667,499.6666667,471.3333333,417.6666667,511.8866667,3,,,,
2015-02-08 12:42:37,562,509.27,377.6666667,492.3333333,522,505.3533333,3,,,,
2015-02-08 12:42:40,507.6666667,509.6933333,410.6666667,505.8666667,461.3333333,530.5066667,3,,,,
2015-02-08 12:42:43,535.6666667,485.5633333,409,522.2,389,521.6866667,3,,,,
2015-02-08 12:42:46,526.3333333,484.2933333,428,537.1333333,431.6666667,495.88,3,,,,
2015-02-08 12:42:49,513,474.98,395,511,521,538.6733333,3,,,,
2015-02-08 12:42:52,528.6666667,486.8333333,370,507.2666667,523.3333333,555.3333333,3,,,,
2015-02-08 12:42:55,550.3333333,485.9866667,389.6666667,496.5333333,523,467.7866667,3,,,,
2015-02-08 12:42:58,531.6666667,431.8,402,481.6,497.3333333,498.82,3,,,,
2015-02-08 12:43:01,513.6666667,484.2933333,409.3333333,491.8666667,391.3333333,594.5333333,3,,,,
2015-02-08 12:43:04,433.6666667,520.2766667,1198.333333,469.9333333,481,506.9866667,3,,,,
2015-02-08 12:43:07,460.6666667,519.8533333,461.3333333,468.0666667,527,489.3466667,3,,,,
2015-02-08 12:43:10,544,489.7966667,425.6666667,459.6666667,465.3333333,544.5533333,3,,,,
2015-02-08 12:43:13,532,485.5633333,392,470.4,497.6666667,493.2666667,3,,,,
2015-02-08 12:43:16,415,501.65,402.3333333,464.8,453.6666667,505.68,3,,,,
2015-02-08 12:43:19,413,502.4966667,363.3333333,461.0666667,406,546.1866667,3,,,,
2015-02-08 12:43:22,477.3333333,506.3066667,346,440.5333333,491.3333333,517.7666667,3,,,,
2015-02-08 12:43:25,512.3333333,506.73,433,459.6666667,531,505.68,3,,,,
2015-02-08 12:43:28,553,505.46,315.6666667,502.1333333,551,444.5933333,3,,,,
2015-02-08 12:43:31,533.6666667,512.6566667,837.6666667,491.8666667,442.6666667,530.18,3,,,,
2015-02-08 12:43:34,514.6666667,509.27,397,509.1333333,468,453.74,3,,,,
2015-02-08 12:43:37,521.6666667,511.81,392.3333333,536.2,441,429.8933333,3,,,,
2015-02-08 12:43:40,515,515.62,508.3333333,517.5333333,515.3333333,450.8,3,,,,
2015-02-08 12:43:43,528.6666667,522.3933333,790.6666667,504.4666667,518.3333333,522.0133333,3,,,,
2015-02-08 12:43:46,535.6666667,520.2766667,898.3333333,490.9333333,537,524.9533333,3,,,,
2015-02-08 12:43:49,509.3333333,505.0366667,422,505.8666667,556,549.4533333,3,,,,
2015-02-08 12:43:52,540,523.6633333,412.6666667,484.4,525.6666667,552.3933333,3,,,,
2015-02-08 12:43:55,523.3333333,541.02,351,484.4,551.3333333,480.8533333,3,,,,
2015-02-08 12:43:58,533,530.4366667,371,468.5333333,579,532.14,3,,,,
2015-02-08 12:44:01,552.3333333,509.6933333,399.3333333,437.7333333,534,531.16,3,,,,
2015-02-08 12:44:04,549,458.47,659.3333333,419.0666667,536.6666667,505.3533333,3,,,,
2015-02-08 12:44:07,461.3333333,486.41,411.3333333,469,543.6666667,420.42,3,,,,
2015-02-08 12:44:10,522.3333333,516.4666667,664.3333333,501.2,539.6666667,377.6266667,3,,,,
2015-02-08 12:44:13,571.6666667,520.2766667,424.3333333,531.0666667,540.6666667,411.6,3,,,,
2015-02-08 12:44:16,538.3333333,519.0066667,804.6666667,507.7333333,523.6666667,491.6333333,3,,,,
2015-02-08 12:44:19,416.6666667,514.7733333,402.3333333,486.2666667,542,516.1333333,3,,,,
2015-02-08 12:44:22,384.6666667,523.6633333,428.3333333,500.2666667,526.3333333,510.58,3,,,,
2015-02-08 12:44:25,432,510.1166667,412,519.8666667,416,513.8466667,3,,,,
2015-02-08 12:44:28,470.6666667,521.1233333,359.6666667,506.8,516,547.82,3,,,,
2015-02-08 12:44:31,516.3333333,532.13,386.6666667,512.4,555,569.7066667,3,,,,
2015-02-08 12:44:34,457,533.4,651.6666667,559.5333333,520.3333333,533.12,3,,,,
2015-02-08 12:44:37,475,508,369,519.4,525.6666667,489.3466667,3,,,,
2015-02-08 12:44:40,549,499.11,569.3333333,524.5333333,536.6666667,554.0266667,3,,,,
2015-02-08 12:44:43,531,508,649,494.6666667,535,563.8266667,3,,,,
2015-02-08 12:44:46,501.3333333,523.6633333,210.6666667,514.7333333,539.3333333,515.8066667,3,,,,
2015-02-08 12:44:49,518,520.2766667,281.6666667,521.2666667,542.6666667,490.6533333,3,,,,
2015-02-08 12:44:52,476.6666667,527.4733333,406.3333333,504.9333333,517,550.76,3,,,,
2015-02-08 12:44:55,428.3333333,519.0066667,394.6666667,503.5333333,433.3333333,507.9666667,3,,,,
2015-02-08 12:44:58,422.3333333,531.7066667,261,519.8666667,339,486.08,3,,,,
2015-02-08 12:45:01,429,538.0566667,284.6666667,539.9333333,516.3333333,484.4466667,3,,,,
2015-02-08 12:45:04,505.3333333,537.21,388,530.1333333,521,461.58,3,,,,
2015-02-08 12:45:07,520.3333333,428.4133333,291.6666667,517.0666667,532.3333333,497.1866667,3,,,,
2015-02-08 12:45:10,412,565.5733333,592,543.2,534,520.7066667,3,,,,
2015-02-08 12:45:13,458,568.1133333,406,521.7333333,531.3333333,507.3133333,3,,,,
2015-02-08 12:45:16,513.6666667,572.77,398,518,539,571.6666667,3,,,,
2015-02-08 12:45:19,515,568.1133333,437,540.8666667,540,570.6866667,3,,,,
2015-02-08 12:45:22,444.6666667,583.3533333,424,530.1333333,521,453.4133333,3,,,,
2015-02-08 12:45:25,498,562.61,681,545.0666667,512.6666667,519.7266667,3,,,,
2015-02-08 12:45:28,531.6666667,549.0633333,787,528.2666667,524.6666667,584.4066667,3,,,,
2015-02-08 12:45:31,420.6666667,557.53,671,529.2,523.3333333,580.16,3,,,,
2015-02-08 12:45:34,453.3333333,539.75,945.6666667,568.4,516,525.28,3,,,,
2015-02-08 12:45:37,510.6666667,456.7766667,660,524.5333333,478,545.5333333,3,,,,
2015-02-08 12:45:40,498.6666667,574.04,772.6666667,519.4,519,571.9933333,3,,,,
2015-02-08 12:45:43,515,549.0633333,423.3333333,510.5333333,518.6666667,549.4533333,3,,,,
2015-02-08 12:45:46,532.6666667,534.2466667,631.6666667,532.4666667,512,448.5133333,3,,,,
2015-02-08 12:45:49,517,530.0133333,361,541.8,525.3333333,408.3333333,3,,,,
2015-02-08 12:45:52,513,545.2533333,387.3333333,502.1333333,535.6666667,546.5133333,3,,,,
2015-02-08 12:45:55,533,531.2833333,402.6666667,512.8666667,537.6666667,497.84,3,,,,
2015-02-08 12:45:58,548.3333333,527.4733333,416.6666667,513.3333333,426.6666667,465.1733333,3,,,,
2015-02-08 12:46:01,522.6666667,539.3266667,430.3333333,526.4,471,518.42,3,,,,
2015-02-08 12:46:04,544,546.5233333,423.6666667,495.6,522.6666667,558.9266667,3,,,,
2015-02-08 12:46:07,488,533.4,420,473.2,515.6666667,513.52,3,,,,
2015-02-08 12:46:10,499.3333333,510.54,450.6666667,399,528.3333333,515.1533333,3,,,,
2015-02-08 12:46:13,524.6666667,498.6866667,435.6666667,452.2,528.3333333,552.0666667,3,,,,
2015-02-08 12:46:16,540.3333333,507.5766667,400.6666667,399,545.3333333,481.8333333,3,,,,
2015-02-08 12:46:19,522.3333333,491.49,404.3333333,386.4,529,500.78,3,,,,
2015-02-08 12:46:22,528.6666667,488.95,400.3333333,406,527.6666667,467.46,3,,,,
2015-02-08 12:46:25,536,486.41,386.6666667,526.8666667,532.3333333,466.1533333,3,,,,
2015-02-08 12:46:28,536,483.87,424.6666667,506.3333333,525.6666667,563.5,3,,,,
2015-02-08 12:46:31,471.3333333,481.33,434,537.1333333,526.3333333,535.08,3,,,,
2015-02-08 12:46:34,527.6666667,466.9366667,400.3333333,511.4666667,529.6666667,519.0733333,3,,,,
2015-02-08 12:46:37,560,471.5933333,381.3333333,559.5333333,528.6666667,571.6666667,3,,,,
2015-02-08 12:46:40,537.3333333,474.1333333,420.6666667,522.6666667,537,551.4133333,3,,,,
2015-02-08 12:46:43,502.6666667,486.8333333,429.3333333,513.3333333,510.6666667,508.62,3,,,,
2015-02-08 12:46:46,542.3333333,480.9066667,409,482.5333333,519.6666667,567.0933333,3,,,,
2015-02-08 12:46:49,556.6666667,469.0533333,398.6666667,489.5333333,498,568.7266667,3,,,,
2015-02-08 12:46:52,522.6666667,474.98,434.3333333,506.8,508,542.92,3,,,,
2015-02-08 12:46:55,520.3333333,473.71,424.3333333,520.8,517,509.9266667,3,,,,
2015-02-08 12:46:58,559.6666667,465.2433333,425.6666667,513.8,515.3333333,553.7,3,,,,
2015-02-08 12:47:01,549.6666667,485.5633333,458,516.6,510.3333333,511.8866667,3,,,,
2015-02-08 12:47:04,572,472.8633333,436.3333333,511.4666667,474.6666667,539,3,,,,
2015-02-08 12:47:07,511.6666667,496.1466667,396.6666667,508.6666667,512.6666667,555.0066667,3,,,,
2015-02-08 12:47:10,541.3333333,486.41,429,528.2666667,444.3333333,522.9933333,3,,,,
2015-02-08 12:47:13,529.6666667,481.7533333,443,502.1333333,374,562.1933333,3,,,,
2015-02-08 12:47:16,486.6666667,492.76,428.3333333,516.1333333,462.6666667,550.1066667,3,,,,
2015-02-08 12:47:19,524.3333333,516.0433333,420.6666667,478.8,464.3333333,515.48,3,,,,
2015-02-08 12:47:22,522.6666667,476.25,287.6666667,462.4666667,441.6666667,510.2533333,3,,,,
2015-02-08 12:47:25,496.6666667,442.3833333,679.6666667,455.9333333,482.6666667,543.5733333,3,,,,
2015-02-08 12:47:28,508,447.4633333,428,459.2,520,450.8,3,,,,
2015-02-08 12:47:31,492.3333333,503.7666667,408.3333333,497.9333333,526.6666667,489.02,3,,,,
2015-02-08 12:47:34,519.6666667,492.76,439.3333333,523.6,474.3333333,569.7066667,3,,,,
2015-02-08 12:47:37,513,499.11,231.3333333,483.9333333,397.3333333,549.1266667,3,,,,
2015-02-08 12:47:40,515,500.8033333,310.3333333,447.5333333,502,521.6866667,3,,,,
2015-02-08 12:47:43,509,494.4533333,263.3333333,441,525,531.16,3,,,,
2015-02-08 12:47:46,504.3333333,502.92,325.3333333,498.8666667,521,560.8866667,3,,,,
2015-02-08 12:47:49,430.6666667,504.19,518.6666667,495.6,525,548.1466667,3,,,,
2015-02-08 12:47:52,523.6666667,505.8833333,543,488.1333333,549.3333333,507.9666667,3,,,,
2015-02-08 12:47:55,575,488.95,404,447.5333333,558.6666667,468.1133333,3,,,,
2015-02-08 12:47:58,563,488.95,443.3333333,440.0666667,558.3333333,486.7333333,3,,,,
2015-02-08 12:48:01,490.6666667,499.9566667,465.3333333,577.2666667,553.6666667,516.1333333,3,,,,
2015-02-08 12:48:04,468,531.2833333,530.6666667,574.4666667,554,538.6733333,3,,,,
2015-02-08 12:48:07,531.3333333,523.24,417,562.8,556,532.14,3,,,,
2015-02-08 12:48:10,483.6666667,513.9266667,322.6666667,549.7333333,548,496.5333333,3,,,,
2015-02-08 12:48:13,484.3333333,505.0366667,322.6666667,552.0666667,517.6666667,554.68,3,,,,
2015-02-08 12:48:16,529.3333333,496.1466667,294.6666667,560.9333333,465.3333333,647.78,3,,,,
2015-02-08 12:48:19,497.6666667,494.8766667,354.3333333,534.8,389.3333333,496.2066667,3,,,,
2015-02-08 12:48:22,494,503.3433333,422.6666667,553.4666667,430.6666667,541.6133333,3,,,,
2015-02-08 12:48:25,471,486.8333333,325,545.5333333,483.6666667,505.68,3,,,,
2015-02-08 12:48:28,505.6666667,479.2133333,681,530.1333333,510.3333333,498.4933333,3,,,,
2015-02-08 12:48:31,516,491.49,535,519.4,527,533.4466667,3,,,,
2015-02-08 12:48:34,497.3333333,499.9566667,678.6666667,477.4,533.6666667,519.0733333,3,,,,
2015-02-08 12:48:37,512,503.3433333,711.3333333,498.8666667,491,421.0733333,3,,,,
2015-02-08 12:48:40,535.3333333,492.76,670,488.6,496,554.0266667,3,,,,
2015-02-08 12:48:43,543.3333333,501.65,392.3333333,467.1333333,524.3333333,562.8466667,3,,,,
2015-02-08 12:48:46,548,485.9866667,400,470.4,538,483.4666667,3,,,,
2015-02-08 12:48:49,490.6666667,480.9066667,401.3333333,463.8666667,466.3333333,402.78,3,,,,
2015-02-08 12:48:52,515,505.8833333,533.6666667,483,430.3333333,468.44,3,,,,
2015-02-08 12:48:55,579.3333333,497.4166667,675.6666667,466.6666667,462.6666667,487.06,3,,,,
2015-02-08 12:48:58,562.6666667,430.1066667,571.6666667,480.6666667,509.6666667,517.44,3,,,,
2015-02-08 12:49:01,549,470.3233333,286.6666667,441,527.3333333,505.68,3,,,,
2015-02-08 12:49:04,542.6666667,511.81,472.6666667,444.7333333,417.6666667,469.7466667,3,,,,
2015-02-08 12:49:07,524,461.4333333,389,466.6666667,429.3333333,555.66,3,,,,
2015-02-08 12:49:10,527.6666667,458.47,406.6666667,456.4,502.3333333,514.5,3,,,,
2015-02-08 12:49:13,515.3333333,520.2766667,736,449.8666667,532.3333333,514.5,3,,,,
2015-02-08 12:49:16,471.3333333,487.68,336,472.2666667,493,514.5,3,,,,
2015-02-08 12:49:19,515.6666667,512.2333333,451.6666667,468.5333333,534,514.5,3,,,,
2015-02-08 12:49:22,518,504.19,693.3333333,464.3333333,543.6666667,514.5,3,,,,
2015-02-08 12:49:25,518,491.9133333,442.6666667,463.4,507.3333333,514.5,3,,,,
2015-02-08 12:49:28,518,487.2566667,791.3333333,469.9333333,523,514.5,3,,,,
2015-02-08 12:49:31,518,504.6133333,583.3333333,471.3333333,413.3333,514.5,3,,,,
